{"cameraMode":{"drawMode":0,"name":"Shaded","section":"Shading Mode"},"sceneLighting":false,"audioPlay":false,"sceneViewState":{"m_AlwaysRefresh":false,"showFog":true,"showSkybox":false,"showFlares":true,"showImageEffects":true,"showParticleSystems":true,"showVisualEffectGraphs":true,"m_FxEnabled":true},"in2DMode":false,"pivot":{"x":0.0000011920928955078126,"y":0.2077590823173523,"z":-0.12846660614013673},"rotation":{"x":0.04724324122071266,"y":0.9373994469642639,"z":-0.14053301513195039,"w":0.3151252865791321},"size":5.719759464263916,"orthographic":false}